[
  {
    "data_leitura": "05/11/2025",
    "tipo": "Moção de Congratulação",
    "numero": "0",
    "ano": "2025",
    "autor": "Deputada Lia Nogueira",
    "ementa": "MOÇÃO DE CONGRATULAÇÃO à Soldado Polyana Wruck, do Corpo de Bombeiros Militar de Mato Grosso do Sul (CBMMS), pela conclusão do Curso de Salvamento em Altura (CSALT), tornando-se a primeira mulher formada nessa especialidade pela Corporação.",
    "situacao": "Em tramitação"
  },
  {
    "data_leitura": "05/11/2025",
    "tipo": "Indicação",
    "numero": "0",
    "ano": "2025",
    "autor": "Deputado Pedro Kemp",
    "ementa": "Solicita estudos no sentido de aprimorar a legislação brasileira para que os recursos de descrição de pessoas e transmissão ao vivo (live) possam ser disponibilizados nos óculos Ray-Ban Meta, com a finalidade de atender pessoas com deficiência visual.",
    "situacao": "Em tramitação"
  },
  {
    "data_leitura": "05/11/2025",
    "tipo": "Indicação",
    "numero": "0",
    "ano": "2025",
    "autor": "Deputado Gerson Claro",
    "ementa": "Solicita a realização de manutenção urgente na rodovia MS-345, que Liga Bonito a Anastacio/MS.",
    "situacao": "Em tramitação"
  },
  {
    "data_leitura": "05/11/2025",
    "tipo": "Indicação",
    "numero": "0",
    "ano": "2025",
    "autor": "Deputado Renato Câmara",
    "ementa": "Solicita a priorização da conclusão do projeto técnico e a celeridade na abertura do processo licitatório, com vistas a execução da obra de pavimentação da MS-465 no trecho compreendido entre a BR-163 e a MS-145, no Município de Rio Brilhante.",
    "situacao": "Em tramitação"
  },
  {
    "data_leitura": "05/11/2025",
    "tipo": "Moção de Congratulação",
    "numero": "0",
    "ano": "2025",
    "autor": "Deputado Pedro Kemp",
    "ementa": "Moção de Congratulação ao Cedami (Centro de Apoio ao Migrante), pelos seus 41 anos de atuação em Campo Grande.",
    "situacao": "Em tramitação"
  },
  {
    "data_leitura": "05/11/2025",
    "tipo": "Projeto de Lei",
    "numero": "0",
    "ano": "2025",
    "autor": "Deputada Gleice Jane",
    "ementa": "Institui a Política Estadual de Enfrentamento a Golpes Digitais e Estabelece Diretrizes de Atendimento às Vítimas por Meio Do 'Disque Golpe' no Estado de Mato Grosso do Sul.",
    "situacao": "Em tramitação"
  },
  {
    "data_leitura": "05/11/2025",
    "tipo": "Indicação",
    "numero": "0",
    "ano": "2025",
    "autor": "Deputado Paulo Corrêa",
    "ementa": "Indico à Mesa Diretora, nos termos regimentais e após ouvido o Colendo Plenário, que seja encaminhado expediente deste Poder ao Excelentíssimo Senhor Eduardo Corrêa Riedel, Governador do Estado de Mato Grosso do Sul, ao Ilustríssimo Senhor Hélio Queiroz Daher, Secretário de Estado de Educação, com cópia para Excelentíssima Senhora Camila Ítalo, reitora da Universidade Federal de Mato Grosso do Sul, solicitando a cedência de, no mínimo 50 % das instalações do Centro Estadual de Educação Profissional Arlindo Neckel, em Chapadão do Sul/MS, pelo prazo de 5 (cinco) anos, a fim de atender as demandas atuais e futuras de infraestrutura física destinada à instalação do curso de graduação em Direito, no município de Chapadão do Sul.",
    "situacao": "Em tramitação"
  },
  {
    "data_leitura": "05/11/2025",
    "tipo": "Indicação",
    "numero": "0",
    "ano": "2025",
    "autor": "Deputado Zé Teixeira",
    "ementa": "Solicita a realização dos serviços de implantação de galeria pluvial e pavimentação asfáltica em diversas ruas localizadas nos Bairros Jardim Vitória I e II, no Município de Dourados.",
    "situacao": "Em tramitação"
  }
]
